<?xml version="1.0" encoding="UTF-8"?>
<beans xmlns="http://www.springframework.org/schema/beans"
	xmlns:xsi="http://www.w3.org/2001/XMLSchema-instance"
	xmlns:context="http://www.springframework.org/schema/context"
	xsi:schemaLocation="http://www.springframework.org/schema/beans http://www.springframework.org/schema/beans/spring-beans.xsd
		http://www.springframework.org/schema/context http://www.springframework.org/schema/context/spring-context-4.3.xsd">
	
	<!-- db.properties 파일 가져오기 -->
	<context:property-placeholder location="classpath:mybatis/db.properties" />
	
	<!-- DB 연결 -->
	<bean id="dbcp" class="org.apache.commons.dbcp.BasicDataSource">
		<property name="driverClassName" value="oracle.jdbc.driver.OracleDriver" />
		<property name="url" value="jdbc:oracle:thin:@192.168.0.200:1521:xe" />
		<property name="username" value="bteam" />
		<property name="password" value="bteam" />
	</bean>
	
	<!-- SqlSession -->
	<bean id="factory" class="org.mybatis.spring.SqlSessionFactoryBean">
		<property name="dataSource" ref="dbcp" />
		<property name="configLocation" value="classpath:mybatis/config.xml" />
		<property name="mapperLocations" value="classpath:mapper/*-mapper.xml" />
	</bean>
	
	<bean class="org.mybatis.spring.SqlSessionTemplate">
		<constructor-arg name="sqlSessionFactory" ref="factory" />
	</bean>

</beans>
