<?xml version="1.0" encoding="UTF-8"?>
<!DOCTYPE mapper PUBLIC "-//mybatis.org//DTD Mapper 3.0//EN" "http://mybatis.org/dtd/mybatis-3-mapper.dtd">
<mapper namespace="board">
	
	<update id="update">
	update bBoard set board_title=#{board_title}, board_content=#{board_content}, board_date=to_date(sysdate, 'yy/mm/dd'), board_file=#{board_file}
	where board_num=#{board_num}
	</update>
	
	<delete id="delete">
	delete from bBoard where board_num = #{board_num}
	</delete>
	
	<insert id="write">
	insert into bBoard (board_num, board_category, board_email, board_nickname, board_date, board_title, board_content, board_filename, board_filepath)
	values ((select NVL(MAX(board_num), 0) + 1 from bBoard), #{board_category}, #{board_email}, #{board_nickname}, to_date(sysdate, 'yy/mm/dd'), #{board_title}, #{board_content}, #{board_filename, jdbcType=VARCHAR}, #{board_filepath, jdbcType=VARCHAR})
	</insert>
	
	<select id="view" resultType="BoardVO">
	select * from bBoard 
	where board_num=#{board_num} and board_category=#{board_category}
	</select>
	
	<update id="readcount">
	update bBoard set board_readcnt = board_readcnt+1 where board_num=#{board_num}
	</update>
		
	<select id="total" resultType="Integer">
	select count(*)
	from bBoard
	where board_category = #{board_category}
	</select>
	
	<select id="list" resultType="BoardVO">
	select b.* from
	(select rownum board_no, b.* from (select * from bBoard where board_category=#{board_category} order by board_num) b
	order by board_no desc) b
	where board_no between #{beginList} and #{endList}
	</select>
	
</mapper>